total_load_kwh,total_pv_kwh,pv_curtailed_kwh,pv_used_kwh,energy_not_served_kwh,self_sufficiency_percent,pv_utilization_percent,throughput_charge_kwh,throughput_discharge_kwh,estimated_full_cycles,loss_of_load_hours,max_contiguous_lol_hours,diag_pv_points,diag_load_points,diag_pv_step_seconds,diag_load_step_seconds,diag_target_freq,diag_target_step_hours,diag_pv_mean_before,diag_pv_mean_after,diag_load_mean_before,diag_load_mean_after,diag_interp,capacity_kwh,power_kw,Solar_kw_DC,EV_load_scenario,Scenario
92877.0,229183.86,143994.84,85189.02,8836.25,90.0,37.0,14891.22,13742.94,142.96,4339,36,8760,17540,3600.0,1800.0,30min,0.5,26.16,26.09,8.59,10.57,linear,50,60.0,194.4,Low,A1
92877.0,229183.86,137960.45,91223.41,3271.09,96.0,40.0,20925.6,19308.1,100.44,1477,33,8760,17540,3600.0,1800.0,30min,0.5,26.16,26.09,8.59,10.57,linear,100,60.0,194.4,Low,A1
92877.0,229183.86,136052.27,93131.59,1536.51,98.0,41.0,22833.78,21042.68,73.06,639,29,8760,17540,3600.0,1800.0,30min,0.5,26.16,26.09,8.59,10.57,linear,150,60.0,194.4,Low,A1
92877.0,229183.86,135280.28,93903.58,849.04,99.0,41.0,23605.77,21730.15,56.59,336,22,8760,17540,3600.0,1800.0,30min,0.5,26.16,26.09,8.59,10.57,linear,200,60.0,194.4,Low,A1
92877.0,229183.86,134845.68,94338.17,472.52,99.0,41.0,24040.37,22106.67,46.06,160,20,8760,17540,3600.0,1800.0,30min,0.5,26.16,26.09,8.59,10.57,linear,250,60.0,194.4,Low,A1
92877.0,229183.86,134601.47,94582.39,271.45,100.0,41.0,24284.58,22307.74,38.73,62,19,8760,17540,3600.0,1800.0,30min,0.5,26.16,26.09,8.59,10.57,linear,300,60.0,194.4,Low,A1
92877.0,229183.86,134505.0,94678.86,206.55,100.0,41.0,24381.05,22372.65,33.29,36,18,8760,17540,3600.0,1800.0,30min,0.5,26.16,26.09,8.59,10.57,linear,350,60.0,194.4,Low,A1
92877.0,229183.86,134432.08,94751.77,163.35,100.0,41.0,24453.97,22415.85,29.19,33,16,8760,17540,3600.0,1800.0,30min,0.5,26.16,26.09,8.59,10.57,linear,400,60.0,194.4,Low,A1
92877.0,229183.86,134359.17,94824.69,120.15,100.0,41.0,24526.88,22459.05,25.99,31,15,8760,17540,3600.0,1800.0,30min,0.5,26.16,26.09,8.59,10.57,linear,450,60.0,194.4,Low,A1
92877.0,229183.86,134286.25,94897.61,76.95,100.0,41.0,24599.8,22502.25,23.44,29,14,8760,17540,3600.0,1800.0,30min,0.5,26.16,26.09,8.59,10.57,linear,500,60.0,194.4,Low,A1
92877.0,229183.86,134213.33,94970.52,33.75,100.0,41.0,24672.72,22545.45,21.35,27,13,8760,17540,3600.0,1800.0,30min,0.5,26.16,26.09,8.59,10.57,linear,550,60.0,194.4,Low,A1
92877.0,229183.86,134150.67,95033.18,0.0,100.0,41.0,24735.38,22579.19,19.6,0,0,8760,17540,3600.0,1800.0,30min,0.5,26.16,26.09,8.59,10.57,linear,600,60.0,194.4,Low,A1
92877.0,229183.86,134124.63,95059.23,0.0,100.0,41.0,24761.42,22579.19,18.09,0,0,8760,17540,3600.0,1800.0,30min,0.5,26.16,26.09,8.59,10.57,linear,650,60.0,194.4,Low,A1
92877.0,229183.86,134098.59,95085.27,0.0,100.0,41.0,24787.46,22579.19,16.8,0,0,8760,17540,3600.0,1800.0,30min,0.5,26.16,26.09,8.59,10.57,linear,700,60.0,194.4,Low,A1
92877.0,229183.86,134072.55,95111.31,0.0,100.0,42.0,24813.5,22579.19,15.68,0,0,8760,17540,3600.0,1800.0,30min,0.5,26.16,26.09,8.59,10.57,linear,750,60.0,194.4,Low,A1
92877.0,229183.86,134046.51,95137.35,0.0,100.0,42.0,24839.54,22579.19,14.7,0,0,8760,17540,3600.0,1800.0,30min,0.5,26.16,26.09,8.59,10.57,linear,800,60.0,194.4,Low,A1
92877.0,229183.86,134020.47,95163.39,0.0,100.0,42.0,24865.59,22579.19,13.84,0,0,8760,17540,3600.0,1800.0,30min,0.5,26.16,26.09,8.59,10.57,linear,850,60.0,194.4,Low,A1
92877.0,229183.86,133994.42,95189.43,0.0,100.0,42.0,24891.63,22579.19,13.07,0,0,8760,17540,3600.0,1800.0,30min,0.5,26.16,26.09,8.59,10.57,linear,900,60.0,194.4,Low,A1
92877.0,229183.86,133968.38,95215.48,0.0,100.0,42.0,24917.67,22579.19,12.38,0,0,8760,17540,3600.0,1800.0,30min,0.5,26.16,26.09,8.59,10.57,linear,950,60.0,194.4,Low,A1
92877.0,229183.86,133942.34,95241.52,0.0,100.0,42.0,24943.71,22579.19,11.76,0,0,8760,17540,3600.0,1800.0,30min,0.5,26.16,26.09,8.59,10.57,linear,1000,60.0,194.4,Low,A1
92877.0,229183.86,133916.3,95267.56,0.0,100.0,42.0,24969.75,22579.19,11.2,0,0,8760,17540,3600.0,1800.0,30min,0.5,26.16,26.09,8.59,10.57,linear,1050,60.0,194.4,Low,A1
92877.0,229183.86,133890.26,95293.6,0.0,100.0,42.0,24995.79,22579.19,10.69,0,0,8760,17540,3600.0,1800.0,30min,0.5,26.16,26.09,8.59,10.57,linear,1100,60.0,194.4,Low,A1
92877.0,229183.86,133864.22,95319.64,0.0,100.0,42.0,25021.84,22579.19,10.23,0,0,8760,17540,3600.0,1800.0,30min,0.5,26.16,26.09,8.59,10.57,linear,1150,60.0,194.4,Low,A1
92877.0,229183.86,133838.17,95345.68,0.0,100.0,42.0,25047.88,22579.19,9.8,0,0,8760,17540,3600.0,1800.0,30min,0.5,26.16,26.09,8.59,10.57,linear,1200,60.0,194.4,Low,A1
92877.0,229183.86,133812.13,95371.73,0.0,100.0,42.0,25073.92,22579.19,9.41,0,0,8760,17540,3600.0,1800.0,30min,0.5,26.16,26.09,8.59,10.57,linear,1250,60.0,194.4,Low,A1
92877.0,229183.86,133786.09,95397.77,0.0,100.0,42.0,25099.96,22579.19,9.05,0,0,8760,17540,3600.0,1800.0,30min,0.5,26.16,26.09,8.59,10.57,linear,1300,60.0,194.4,Low,A1
92877.0,229183.86,133760.05,95423.81,0.0,100.0,42.0,25126.0,22579.19,8.71,0,0,8760,17540,3600.0,1800.0,30min,0.5,26.16,26.09,8.59,10.57,linear,1350,60.0,194.4,Low,A1
92877.0,229183.86,133734.01,95449.85,0.0,100.0,42.0,25152.04,22579.19,8.4,0,0,8760,17540,3600.0,1800.0,30min,0.5,26.16,26.09,8.59,10.57,linear,1400,60.0,194.4,Low,A1
92877.0,229183.86,133707.97,95475.89,0.0,100.0,42.0,25178.09,22579.19,8.11,0,0,8760,17540,3600.0,1800.0,30min,0.5,26.16,26.09,8.59,10.57,linear,1450,60.0,194.4,Low,A1
92877.0,229183.86,133681.92,95501.93,0.0,100.0,42.0,25204.13,22579.19,7.84,0,0,8760,17540,3600.0,1800.0,30min,0.5,26.16,26.09,8.59,10.57,linear,1500,60.0,194.4,Low,A1
92877.0,229183.86,133655.88,95527.98,0.0,100.0,42.0,25230.17,22579.19,7.59,0,0,8760,17540,3600.0,1800.0,30min,0.5,26.16,26.09,8.59,10.57,linear,1550,60.0,194.4,Low,A1
92877.0,229183.86,133629.84,95554.02,0.0,100.0,42.0,25256.21,22579.19,7.35,0,0,8760,17540,3600.0,1800.0,30min,0.5,26.16,26.09,8.59,10.57,linear,1600,60.0,194.4,Low,A1
92877.0,229183.86,133603.8,95580.06,0.0,100.0,42.0,25282.25,22579.19,7.13,0,0,8760,17540,3600.0,1800.0,30min,0.5,26.16,26.09,8.59,10.57,linear,1650,60.0,194.4,Low,A1
92877.0,229183.86,133577.76,95606.1,0.0,100.0,42.0,25308.29,22579.19,6.92,0,0,8760,17540,3600.0,1800.0,30min,0.5,26.16,26.09,8.59,10.57,linear,1700,60.0,194.4,Low,A1
92877.0,229183.86,133551.72,95632.14,0.0,100.0,42.0,25334.34,22579.19,6.72,0,0,8760,17540,3600.0,1800.0,30min,0.5,26.16,26.09,8.59,10.57,linear,1750,60.0,194.4,Low,A1
92877.0,229183.86,133525.67,95658.18,0.0,100.0,42.0,25360.38,22579.19,6.53,0,0,8760,17540,3600.0,1800.0,30min,0.5,26.16,26.09,8.59,10.57,linear,1800,60.0,194.4,Low,A1
92877.0,229183.86,133499.63,95684.23,0.0,100.0,42.0,25386.42,22579.19,6.36,0,0,8760,17540,3600.0,1800.0,30min,0.5,26.16,26.09,8.59,10.57,linear,1850,60.0,194.4,Low,A1
92877.0,229183.86,133473.59,95710.27,0.0,100.0,42.0,25412.46,22579.19,6.19,0,0,8760,17540,3600.0,1800.0,30min,0.5,26.16,26.09,8.59,10.57,linear,1900,60.0,194.4,Low,A1
92877.0,229183.86,133447.55,95736.31,0.0,100.0,42.0,25438.5,22579.19,6.03,0,0,8760,17540,3600.0,1800.0,30min,0.5,26.16,26.09,8.59,10.57,linear,1950,60.0,194.4,Low,A1
92877.0,229183.86,133421.51,95762.35,0.0,100.0,42.0,25464.54,22579.19,5.88,0,0,8760,17540,3600.0,1800.0,30min,0.5,26.16,26.09,8.59,10.57,linear,2000,60.0,194.4,Low,A1
92877.0,229183.86,133395.47,95788.39,0.0,100.0,42.0,25490.59,22579.19,5.74,0,0,8760,17540,3600.0,1800.0,30min,0.5,26.16,26.09,8.59,10.57,linear,2050,60.0,194.4,Low,A1
92877.0,229183.86,133369.42,95814.43,0.0,100.0,42.0,25516.63,22579.19,5.6,0,0,8760,17540,3600.0,1800.0,30min,0.5,26.16,26.09,8.59,10.57,linear,2100,60.0,194.4,Low,A1
92877.0,229183.86,133343.38,95840.48,0.0,100.0,42.0,25542.67,22579.19,5.47,0,0,8760,17540,3600.0,1800.0,30min,0.5,26.16,26.09,8.59,10.57,linear,2150,60.0,194.4,Low,A1
92877.0,229183.86,133317.34,95866.52,0.0,100.0,42.0,25568.71,22579.19,5.35,0,0,8760,17540,3600.0,1800.0,30min,0.5,26.16,26.09,8.59,10.57,linear,2200,60.0,194.4,Low,A1
92877.0,229183.86,133291.3,95892.56,0.0,100.0,42.0,25594.75,22579.19,5.23,0,0,8760,17540,3600.0,1800.0,30min,0.5,26.16,26.09,8.59,10.57,linear,2250,60.0,194.4,Low,A1
92877.0,229183.86,133265.26,95918.6,0.0,100.0,42.0,25620.79,22579.19,5.11,0,0,8760,17540,3600.0,1800.0,30min,0.5,26.16,26.09,8.59,10.57,linear,2300,60.0,194.4,Low,A1
92877.0,229183.86,133239.22,95944.64,0.0,100.0,42.0,25646.84,22579.19,5.0,0,0,8760,17540,3600.0,1800.0,30min,0.5,26.16,26.09,8.59,10.57,linear,2350,60.0,194.4,Low,A1
92877.0,229183.86,133213.17,95970.68,0.0,100.0,42.0,25672.88,22579.19,4.9,0,0,8760,17540,3600.0,1800.0,30min,0.5,26.16,26.09,8.59,10.57,linear,2400,60.0,194.4,Low,A1
92877.0,229183.86,133187.13,95996.73,0.0,100.0,42.0,25698.92,22579.19,4.8,0,0,8760,17540,3600.0,1800.0,30min,0.5,26.16,26.09,8.59,10.57,linear,2450,60.0,194.4,Low,A1
92877.0,229183.86,133161.09,96022.77,0.0,100.0,42.0,25724.96,22579.19,4.7,0,0,8760,17540,3600.0,1800.0,30min,0.5,26.16,26.09,8.59,10.57,linear,2500,60.0,194.4,Low,A1
121823.0,229183.86,124679.72,104504.14,18534.02,85.0,46.0,15744.38,14529.22,151.15,6061,36,8760,17540,3600.0,1800.0,30min,0.5,26.16,26.09,11.89,13.87,linear,50,60.0,194.4,Med,A1
121823.0,229183.86,116099.56,113084.29,10607.35,91.0,49.0,24324.53,22455.89,116.76,3831,36,8760,17540,3600.0,1800.0,30min,0.5,26.16,26.09,11.89,13.87,linear,100,60.0,194.4,Med,A1
121823.0,229183.86,111474.23,117709.62,6354.47,95.0,51.0,28949.86,26708.77,92.64,2074,36,8760,17540,3600.0,1800.0,30min,0.5,26.16,26.09,11.89,13.87,linear,150,60.0,194.4,Med,A1
121823.0,229183.86,109317.38,119866.48,4390.71,96.0,52.0,31106.72,28672.53,74.66,1326,36,8760,17540,3600.0,1800.0,30min,0.5,26.16,26.09,11.89,13.87,linear,200,60.0,194.4,Med,A1
121823.0,229183.86,108159.94,121023.92,3348.01,97.0,53.0,32264.15,29715.22,61.91,905,36,8760,17540,3600.0,1800.0,30min,0.5,26.16,26.09,11.89,13.87,linear,250,60.0,194.4,Med,A1
121823.0,229183.86,107316.31,121867.55,2594.53,98.0,53.0,33107.78,30468.71,52.9,775,36,8760,17540,3600.0,1800.0,30min,0.5,26.16,26.09,11.89,13.87,linear,300,60.0,194.4,Med,A1
121823.0,229183.86,106567.95,122615.91,1928.83,98.0,54.0,33856.15,31134.4,46.33,585,36,8760,17540,3600.0,1800.0,30min,0.5,26.16,26.09,11.89,13.87,linear,350,60.0,194.4,Med,A1
121823.0,229183.86,105955.23,123228.63,1388.15,99.0,54.0,34468.87,31675.09,41.24,432,36,8760,17540,3600.0,1800.0,30min,0.5,26.16,26.09,11.89,13.87,linear,400,60.0,194.4,Med,A1
121823.0,229183.86,105475.55,123708.31,970.08,99.0,54.0,34948.54,32093.15,37.14,276,36,8760,17540,3600.0,1800.0,30min,0.5,26.16,26.09,11.89,13.87,linear,450,60.0,194.4,Med,A1
121823.0,229183.86,105206.0,123977.86,745.67,99.0,54.0,35218.09,32317.57,33.66,139,21,8760,17540,3600.0,1800.0,30min,0.5,26.16,26.09,11.89,13.87,linear,500,60.0,194.4,Med,A1
121823.0,229183.86,105018.5,124165.36,596.87,100.0,54.0,35405.59,32466.37,30.74,123,20,8760,17540,3600.0,1800.0,30min,0.5,26.16,26.09,11.89,13.87,linear,550,60.0,194.4,Med,A1
121823.0,229183.86,104855.53,124328.33,470.67,100.0,54.0,35568.56,32592.56,28.29,96,19,8760,17540,3600.0,1800.0,30min,0.5,26.16,26.09,11.89,13.87,linear,600,60.0,194.4,Med,A1
121823.0,229183.86,104714.91,124468.95,365.07,100.0,54.0,35709.19,32698.16,26.2,86,18,8760,17540,3600.0,1800.0,30min,0.5,26.16,26.09,11.89,13.87,linear,650,60.0,194.4,Med,A1
121823.0,229183.86,104574.28,124609.58,259.47,100.0,54.0,35849.81,32803.76,24.41,64,17,8760,17540,3600.0,1800.0,30min,0.5,26.16,26.09,11.89,13.87,linear,700,60.0,194.4,Med,A1
121823.0,229183.86,104469.83,124714.03,187.21,100.0,54.0,35954.27,32876.03,22.83,32,16,8760,17540,3600.0,1800.0,30min,0.5,26.16,26.09,11.89,13.87,linear,750,60.0,194.4,Med,A1
121823.0,229183.86,104396.91,124786.95,144.01,100.0,54.0,36027.18,32919.23,21.43,31,15,8760,17540,3600.0,1800.0,30min,0.5,26.16,26.09,11.89,13.87,linear,800,60.0,194.4,Med,A1
121823.0,229183.86,104323.99,124859.86,100.81,100.0,54.0,36100.1,32962.43,20.2,29,14,8760,17540,3600.0,1800.0,30min,0.5,26.16,26.09,11.89,13.87,linear,850,60.0,194.4,Med,A1
121823.0,229183.86,104251.08,124932.78,57.61,100.0,55.0,36173.02,33005.63,19.1,28,14,8760,17540,3600.0,1800.0,30min,0.5,26.16,26.09,11.89,13.87,linear,900,60.0,194.4,Med,A1
121823.0,229183.86,104178.16,125005.7,14.41,100.0,55.0,36245.93,33048.83,18.12,15,7,8760,17540,3600.0,1800.0,30min,0.5,26.16,26.09,11.89,13.87,linear,950,60.0,194.4,Med,A1
121823.0,229183.86,104136.49,125047.37,0.0,100.0,55.0,36287.61,33063.24,17.22,0,0,8760,17540,3600.0,1800.0,30min,0.5,26.16,26.09,11.89,13.87,linear,1000,60.0,194.4,Med,A1
121823.0,229183.86,104110.45,125073.41,0.0,100.0,55.0,36313.65,33063.24,16.4,0,0,8760,17540,3600.0,1800.0,30min,0.5,26.16,26.09,11.89,13.87,linear,1050,60.0,194.4,Med,A1
121823.0,229183.86,104084.4,125099.46,0.0,100.0,55.0,36339.69,33063.24,15.65,0,0,8760,17540,3600.0,1800.0,30min,0.5,26.16,26.09,11.89,13.87,linear,1100,60.0,194.4,Med,A1
121823.0,229183.86,104058.36,125125.5,0.0,100.0,55.0,36365.73,33063.24,14.97,0,0,8760,17540,3600.0,1800.0,30min,0.5,26.16,26.09,11.89,13.87,linear,1150,60.0,194.4,Med,A1
121823.0,229183.86,104032.32,125151.54,0.0,100.0,55.0,36391.77,33063.24,14.35,0,0,8760,17540,3600.0,1800.0,30min,0.5,26.16,26.09,11.89,13.87,linear,1200,60.0,194.4,Med,A1
121823.0,229183.86,104006.28,125177.58,0.0,100.0,55.0,36417.82,33063.24,13.78,0,0,8760,17540,3600.0,1800.0,30min,0.5,26.16,26.09,11.89,13.87,linear,1250,60.0,194.4,Med,A1
121823.0,229183.86,103980.24,125203.62,0.0,100.0,55.0,36443.86,33063.24,13.25,0,0,8760,17540,3600.0,1800.0,30min,0.5,26.16,26.09,11.89,13.87,linear,1300,60.0,194.4,Med,A1
121823.0,229183.86,103954.2,125229.66,0.0,100.0,55.0,36469.9,33063.24,12.76,0,0,8760,17540,3600.0,1800.0,30min,0.5,26.16,26.09,11.89,13.87,linear,1350,60.0,194.4,Med,A1
121823.0,229183.86,103928.15,125255.71,0.0,100.0,55.0,36495.94,33063.24,12.3,0,0,8760,17540,3600.0,1800.0,30min,0.5,26.16,26.09,11.89,13.87,linear,1400,60.0,194.4,Med,A1
121823.0,229183.86,103902.11,125281.75,0.0,100.0,55.0,36521.98,33063.24,11.88,0,0,8760,17540,3600.0,1800.0,30min,0.5,26.16,26.09,11.89,13.87,linear,1450,60.0,194.4,Med,A1
121823.0,229183.86,103876.07,125307.79,0.0,100.0,55.0,36548.02,33063.24,11.48,0,0,8760,17540,3600.0,1800.0,30min,0.5,26.16,26.09,11.89,13.87,linear,1500,60.0,194.4,Med,A1
121823.0,229183.86,103850.03,125333.83,0.0,100.0,55.0,36574.07,33063.24,11.11,0,0,8760,17540,3600.0,1800.0,30min,0.5,26.16,26.09,11.89,13.87,linear,1550,60.0,194.4,Med,A1
121823.0,229183.86,103823.99,125359.87,0.0,100.0,55.0,36600.11,33063.24,10.76,0,0,8760,17540,3600.0,1800.0,30min,0.5,26.16,26.09,11.89,13.87,linear,1600,60.0,194.4,Med,A1
121823.0,229183.86,103797.95,125385.91,0.0,100.0,55.0,36626.15,33063.24,10.44,0,0,8760,17540,3600.0,1800.0,30min,0.5,26.16,26.09,11.89,13.87,linear,1650,60.0,194.4,Med,A1
121823.0,229183.86,103771.9,125411.96,0.0,100.0,55.0,36652.19,33063.24,10.13,0,0,8760,17540,3600.0,1800.0,30min,0.5,26.16,26.09,11.89,13.87,linear,1700,60.0,194.4,Med,A1
121823.0,229183.86,103745.86,125438.0,0.0,100.0,55.0,36678.23,33063.24,9.84,0,0,8760,17540,3600.0,1800.0,30min,0.5,26.16,26.09,11.89,13.87,linear,1750,60.0,194.4,Med,A1
121823.0,229183.86,103719.82,125464.04,0.0,100.0,55.0,36704.27,33063.24,9.57,0,0,8760,17540,3600.0,1800.0,30min,0.5,26.16,26.09,11.89,13.87,linear,1800,60.0,194.4,Med,A1
121823.0,229183.86,103693.78,125490.08,0.0,100.0,55.0,36730.32,33063.24,9.31,0,0,8760,17540,3600.0,1800.0,30min,0.5,26.16,26.09,11.89,13.87,linear,1850,60.0,194.4,Med,A1
121823.0,229183.86,103667.74,125516.12,0.0,100.0,55.0,36756.36,33063.24,9.06,0,0,8760,17540,3600.0,1800.0,30min,0.5,26.16,26.09,11.89,13.87,linear,1900,60.0,194.4,Med,A1
121823.0,229183.86,103641.7,125542.16,0.0,100.0,55.0,36782.4,33063.24,8.83,0,0,8760,17540,3600.0,1800.0,30min,0.5,26.16,26.09,11.89,13.87,linear,1950,60.0,194.4,Med,A1
121823.0,229183.86,103615.65,125568.21,0.0,100.0,55.0,36808.44,33063.24,8.61,0,0,8760,17540,3600.0,1800.0,30min,0.5,26.16,26.09,11.89,13.87,linear,2000,60.0,194.4,Med,A1
121823.0,229183.86,103589.61,125594.25,0.0,100.0,55.0,36834.48,33063.24,8.4,0,0,8760,17540,3600.0,1800.0,30min,0.5,26.16,26.09,11.89,13.87,linear,2050,60.0,194.4,Med,A1
121823.0,229183.86,103563.57,125620.29,0.0,100.0,55.0,36860.52,33063.24,8.2,0,0,8760,17540,3600.0,1800.0,30min,0.5,26.16,26.09,11.89,13.87,linear,2100,60.0,194.4,Med,A1
121823.0,229183.86,103537.53,125646.33,0.0,100.0,55.0,36886.57,33063.24,8.01,0,0,8760,17540,3600.0,1800.0,30min,0.5,26.16,26.09,11.89,13.87,linear,2150,60.0,194.4,Med,A1
121823.0,229183.86,103511.49,125672.37,0.0,100.0,55.0,36912.61,33063.24,7.83,0,0,8760,17540,3600.0,1800.0,30min,0.5,26.16,26.09,11.89,13.87,linear,2200,60.0,194.4,Med,A1
121823.0,229183.86,103485.45,125698.41,0.0,100.0,55.0,36938.65,33063.24,7.65,0,0,8760,17540,3600.0,1800.0,30min,0.5,26.16,26.09,11.89,13.87,linear,2250,60.0,194.4,Med,A1
121823.0,229183.86,103459.4,125724.46,0.0,100.0,55.0,36964.69,33063.24,7.49,0,0,8760,17540,3600.0,1800.0,30min,0.5,26.16,26.09,11.89,13.87,linear,2300,60.0,194.4,Med,A1
121823.0,229183.86,103433.36,125750.5,0.0,100.0,55.0,36990.73,33063.24,7.33,0,0,8760,17540,3600.0,1800.0,30min,0.5,26.16,26.09,11.89,13.87,linear,2350,60.0,194.4,Med,A1
121823.0,229183.86,103407.32,125776.54,0.0,100.0,55.0,37016.77,33063.24,7.18,0,0,8760,17540,3600.0,1800.0,30min,0.5,26.16,26.09,11.89,13.87,linear,2400,60.0,194.4,Med,A1
121823.0,229183.86,103381.28,125802.58,0.0,100.0,55.0,37042.82,33063.24,7.03,0,0,8760,17540,3600.0,1800.0,30min,0.5,26.16,26.09,11.89,13.87,linear,2450,60.0,194.4,Med,A1
121823.0,229183.86,103355.24,125828.62,0.0,100.0,55.0,37068.86,33063.24,6.89,0,0,8760,17540,3600.0,1800.0,30min,0.5,26.16,26.09,11.89,13.87,linear,2500,60.0,194.4,Med,A1
142708.0,229183.86,107137.56,122046.3,21895.34,85.0,53.0,15980.11,14746.47,153.41,6401,36,8760,17540,3600.0,1800.0,30min,0.5,26.16,26.09,14.27,16.25,linear,50,60.0,194.4,High,A1
142708.0,229183.86,98993.84,130190.02,14370.89,90.0,57.0,24123.84,22270.93,115.79,4250,36,8760,17540,3600.0,1800.0,30min,0.5,26.16,26.09,14.27,16.25,linear,100,60.0,194.4,High,A1
142708.0,229183.86,94799.45,134384.41,10509.67,93.0,59.0,28318.23,26132.15,90.62,2660,36,8760,17540,3600.0,1800.0,30min,0.5,26.16,26.09,14.27,16.25,linear,150,60.0,194.4,High,A1
142708.0,229183.86,92601.04,136582.82,8507.62,94.0,60.0,30516.63,28134.2,73.24,1993,36,8760,17540,3600.0,1800.0,30min,0.5,26.16,26.09,14.27,16.25,linear,200,60.0,194.4,High,A1
142708.0,229183.86,91060.89,138122.97,7112.21,95.0,60.0,32056.79,29529.6,61.52,1628,36,8760,17540,3600.0,1800.0,30min,0.5,26.16,26.09,14.27,16.25,linear,250,60.0,194.4,High,A1
142708.0,229183.86,89818.21,139365.65,5990.96,96.0,61.0,33299.46,30650.85,53.21,1395,36,8760,17540,3600.0,1800.0,30min,0.5,26.16,26.09,14.27,16.25,linear,300,60.0,194.4,High,A1
142708.0,229183.86,88900.21,140283.65,5168.93,96.0,61.0,34217.46,31472.88,46.83,1226,36,8760,17540,3600.0,1800.0,30min,0.5,26.16,26.09,14.27,16.25,linear,350,60.0,194.4,High,A1
142708.0,229183.86,88106.78,141077.08,4461.71,97.0,62.0,35010.89,32180.11,41.9,998,36,8760,17540,3600.0,1800.0,30min,0.5,26.16,26.09,14.27,16.25,linear,400,60.0,194.4,High,A1
142708.0,229183.86,87369.78,141814.08,3806.48,97.0,62.0,35747.9,32835.33,38.0,845,36,8760,17540,3600.0,1800.0,30min,0.5,26.16,26.09,14.27,16.25,linear,450,60.0,194.4,High,A1
142708.0,229183.86,86666.65,142517.21,3182.48,98.0,62.0,36451.02,33459.33,34.85,789,36,8760,17540,3600.0,1800.0,30min,0.5,26.16,26.09,14.27,16.25,linear,500,60.0,194.4,High,A1
142708.0,229183.86,85985.51,143198.35,2578.74,98.0,62.0,37132.17,34063.07,32.26,647,36,8760,17540,3600.0,1800.0,30min,0.5,26.16,26.09,14.27,16.25,linear,550,60.0,194.4,High,A1
142708.0,229183.86,85398.09,143785.77,2061.38,99.0,63.0,37719.59,34580.44,30.02,488,34,8760,17540,3600.0,1800.0,30min,0.5,26.16,26.09,14.27,16.25,linear,600,60.0,194.4,High,A1
142708.0,229183.86,84992.98,144190.88,1712.03,99.0,63.0,38124.69,34929.78,27.99,321,22,8760,17540,3600.0,1800.0,30min,0.5,26.16,26.09,14.27,16.25,linear,650,60.0,194.4,High,A1
142708.0,229183.86,84709.84,144474.02,1475.09,99.0,63.0,38407.83,35166.73,26.17,285,21,8760,17540,3600.0,1800.0,30min,0.5,26.16,26.09,14.27,16.25,linear,700,60.0,194.4,High,A1
142708.0,229183.86,84439.57,144744.29,1250.0,99.0,63.0,38678.11,35391.81,24.58,208,21,8760,17540,3600.0,1800.0,30min,0.5,26.16,26.09,14.27,16.25,linear,750,60.0,194.4,High,A1
142708.0,229183.86,84205.19,144978.67,1058.0,99.0,63.0,38912.48,35583.81,23.17,199,19,8760,17540,3600.0,1800.0,30min,0.5,26.16,26.09,14.27,16.25,linear,800,60.0,194.4,High,A1
142708.0,229183.86,83999.48,145184.38,892.42,99.0,63.0,39118.2,35749.4,21.91,182,18,8760,17540,3600.0,1800.0,30min,0.5,26.16,26.09,14.27,16.25,linear,850,60.0,194.4,High,A1
142708.0,229183.86,83811.98,145371.88,743.62,99.0,63.0,39305.7,35898.2,20.77,159,18,8760,17540,3600.0,1800.0,30min,0.5,26.16,26.09,14.27,16.25,linear,900,60.0,194.4,High,A1
142708.0,229183.86,83624.48,145559.38,594.82,100.0,64.0,39493.2,36047.0,19.76,146,17,8760,17540,3600.0,1800.0,30min,0.5,26.16,26.09,14.27,16.25,linear,950,60.0,194.4,High,A1
142708.0,229183.86,83461.69,145722.17,468.79,100.0,64.0,39655.99,36173.03,18.84,122,16,8760,17540,3600.0,1800.0,30min,0.5,26.16,26.09,14.27,16.25,linear,1000,60.0,194.4,High,A1
142708.0,229183.86,83321.06,145862.8,363.19,100.0,64.0,39796.61,36278.63,18.0,117,15,8760,17540,3600.0,1800.0,30min,0.5,26.16,26.09,14.27,16.25,linear,1050,60.0,194.4,High,A1
142708.0,229183.86,83189.02,145994.84,265.5,100.0,64.0,39928.66,36376.32,17.22,89,15,8760,17540,3600.0,1800.0,30min,0.5,26.16,26.09,14.27,16.25,linear,1100,60.0,194.4,High,A1
142708.0,229183.86,83095.27,146088.59,203.1,100.0,64.0,40022.41,36438.72,16.5,86,15,8760,17540,3600.0,1800.0,30min,0.5,26.16,26.09,14.27,16.25,linear,1150,60.0,194.4,High,A1
142708.0,229183.86,83001.52,146182.34,140.7,100.0,64.0,40116.16,36501.12,15.84,84,14,8760,17540,3600.0,1800.0,30min,0.5,26.16,26.09,14.27,16.25,linear,1200,60.0,194.4,High,A1
142708.0,229183.86,82919.05,146264.81,88.7,100.0,64.0,40198.62,36553.12,15.23,56,14,8760,17540,3600.0,1800.0,30min,0.5,26.16,26.09,14.27,16.25,linear,1250,60.0,194.4,High,A1
142708.0,229183.86,82872.18,146311.68,69.5,100.0,64.0,40245.5,36572.32,14.65,55,14,8760,17540,3600.0,1800.0,30min,0.5,26.16,26.09,14.27,16.25,linear,1300,60.0,194.4,High,A1
142708.0,229183.86,82825.3,146358.56,50.3,100.0,64.0,40292.37,36591.52,14.12,35,14,8760,17540,3600.0,1800.0,30min,0.5,26.16,26.09,14.27,16.25,linear,1350,60.0,194.4,High,A1
142708.0,229183.86,82778.43,146405.43,31.1,100.0,64.0,40339.25,36610.72,13.62,28,14,8760,17540,3600.0,1800.0,30min,0.5,26.16,26.09,14.27,16.25,linear,1400,60.0,194.4,High,A1
142708.0,229183.86,82731.55,146452.31,11.9,100.0,64.0,40386.12,36629.92,13.16,13,6,8760,17540,3600.0,1800.0,30min,0.5,26.16,26.09,14.27,16.25,linear,1450,60.0,194.4,High,A1
142708.0,229183.86,82692.6,146491.26,0.0,100.0,64.0,40425.07,36641.82,12.72,0,0,8760,17540,3600.0,1800.0,30min,0.5,26.16,26.09,14.27,16.25,linear,1500,60.0,194.4,High,A1
142708.0,229183.86,82666.56,146517.3,0.0,100.0,64.0,40451.11,36641.82,12.31,0,0,8760,17540,3600.0,1800.0,30min,0.5,26.16,26.09,14.27,16.25,linear,1550,60.0,194.4,High,A1
142708.0,229183.86,82640.52,146543.34,0.0,100.0,64.0,40477.16,36641.82,11.93,0,0,8760,17540,3600.0,1800.0,30min,0.5,26.16,26.09,14.27,16.25,linear,1600,60.0,194.4,High,A1
142708.0,229183.86,82614.48,146569.38,0.0,100.0,64.0,40503.2,36641.82,11.57,0,0,8760,17540,3600.0,1800.0,30min,0.5,26.16,26.09,14.27,16.25,linear,1650,60.0,194.4,High,A1
142708.0,229183.86,82588.44,146595.42,0.0,100.0,64.0,40529.24,36641.82,11.23,0,0,8760,17540,3600.0,1800.0,30min,0.5,26.16,26.09,14.27,16.25,linear,1700,60.0,194.4,High,A1
142708.0,229183.86,82562.39,146621.47,0.0,100.0,64.0,40555.28,36641.82,10.91,0,0,8760,17540,3600.0,1800.0,30min,0.5,26.16,26.09,14.27,16.25,linear,1750,60.0,194.4,High,A1
142708.0,229183.86,82536.35,146647.51,0.0,100.0,64.0,40581.32,36641.82,10.6,0,0,8760,17540,3600.0,1800.0,30min,0.5,26.16,26.09,14.27,16.25,linear,1800,60.0,194.4,High,A1
142708.0,229183.86,82510.31,146673.55,0.0,100.0,64.0,40607.36,36641.82,10.32,0,0,8760,17540,3600.0,1800.0,30min,0.5,26.16,26.09,14.27,16.25,linear,1850,60.0,194.4,High,A1
142708.0,229183.86,82484.27,146699.59,0.0,100.0,64.0,40633.41,36641.82,10.04,0,0,8760,17540,3600.0,1800.0,30min,0.5,26.16,26.09,14.27,16.25,linear,1900,60.0,194.4,High,A1
142708.0,229183.86,82458.23,146725.63,0.0,100.0,64.0,40659.45,36641.82,9.79,0,0,8760,17540,3600.0,1800.0,30min,0.5,26.16,26.09,14.27,16.25,linear,1950,60.0,194.4,High,A1
142708.0,229183.86,82432.19,146751.67,0.0,100.0,64.0,40685.49,36641.82,9.54,0,0,8760,17540,3600.0,1800.0,30min,0.5,26.16,26.09,14.27,16.25,linear,2000,60.0,194.4,High,A1
142708.0,229183.86,82406.14,146777.72,0.0,100.0,64.0,40711.53,36641.82,9.31,0,0,8760,17540,3600.0,1800.0,30min,0.5,26.16,26.09,14.27,16.25,linear,2050,60.0,194.4,High,A1
142708.0,229183.86,82380.1,146803.76,0.0,100.0,64.0,40737.57,36641.82,9.09,0,0,8760,17540,3600.0,1800.0,30min,0.5,26.16,26.09,14.27,16.25,linear,2100,60.0,194.4,High,A1
142708.0,229183.86,82354.06,146829.8,0.0,100.0,64.0,40763.61,36641.82,8.88,0,0,8760,17540,3600.0,1800.0,30min,0.5,26.16,26.09,14.27,16.25,linear,2150,60.0,194.4,High,A1
142708.0,229183.86,82328.02,146855.84,0.0,100.0,64.0,40789.66,36641.82,8.67,0,0,8760,17540,3600.0,1800.0,30min,0.5,26.16,26.09,14.27,16.25,linear,2200,60.0,194.4,High,A1
142708.0,229183.86,82301.98,146881.88,0.0,100.0,64.0,40815.7,36641.82,8.48,0,0,8760,17540,3600.0,1800.0,30min,0.5,26.16,26.09,14.27,16.25,linear,2250,60.0,194.4,High,A1
142708.0,229183.86,82275.94,146907.92,0.0,100.0,64.0,40841.74,36641.82,8.3,0,0,8760,17540,3600.0,1800.0,30min,0.5,26.16,26.09,14.27,16.25,linear,2300,60.0,194.4,High,A1
142708.0,229183.86,82249.89,146933.97,0.0,100.0,64.0,40867.78,36641.82,8.12,0,0,8760,17540,3600.0,1800.0,30min,0.5,26.16,26.09,14.27,16.25,linear,2350,60.0,194.4,High,A1
142708.0,229183.86,82223.85,146960.01,0.0,100.0,64.0,40893.82,36641.82,7.95,0,0,8760,17540,3600.0,1800.0,30min,0.5,26.16,26.09,14.27,16.25,linear,2400,60.0,194.4,High,A1
142708.0,229183.86,82197.81,146986.05,0.0,100.0,64.0,40919.86,36641.82,7.79,0,0,8760,17540,3600.0,1800.0,30min,0.5,26.16,26.09,14.27,16.25,linear,2450,60.0,194.4,High,A1
142708.0,229183.86,82171.77,147012.09,0.0,100.0,64.0,40945.91,36641.82,7.63,0,0,8760,17540,3600.0,1800.0,30min,0.5,26.16,26.09,14.27,16.25,linear,2500,60.0,194.4,High,A1
92877.0,305578.33,217784.95,87793.37,6187.48,93.0,29.0,14324.7,13220.84,137.52,3482,36,8760,17540,3600.0,1800.0,30min,0.5,34.88,34.79,8.59,10.57,linear,50,60.0,259.2,Low,A1
92877.0,305578.33,213128.6,92449.72,1904.29,98.0,30.0,18981.04,17504.03,91.11,904,21,8760,17540,3600.0,1800.0,30min,0.5,34.88,34.79,8.59,10.57,linear,100,60.0,259.2,Low,A1
92877.0,305578.33,211842.21,93736.12,742.75,99.0,31.0,20267.44,18665.58,64.81,294,20,8760,17540,3600.0,1800.0,30min,0.5,34.88,34.79,8.59,10.57,linear,150,60.0,259.2,Low,A1
92877.0,305578.33,211409.34,94168.99,367.81,100.0,31.0,20700.31,19040.51,49.58,145,18,8760,17540,3600.0,1800.0,30min,0.5,34.88,34.79,8.59,10.57,linear,200,60.0,259.2,Low,A1
92877.0,305578.33,211195.72,94382.61,194.94,100.0,31.0,20913.93,19213.38,40.03,35,17,8760,17540,3600.0,1800.0,30min,0.5,34.88,34.79,8.59,10.57,linear,250,60.0,259.2,Low,A1
92877.0,305578.33,211122.8,94455.53,151.74,100.0,31.0,20986.85,19256.58,33.43,32,16,8760,17540,3600.0,1800.0,30min,0.5,34.88,34.79,8.59,10.57,linear,300,60.0,259.2,Low,A1
92877.0,305578.33,211049.88,94528.44,108.54,100.0,31.0,21059.77,19299.78,28.72,31,15,8760,17540,3600.0,1800.0,30min,0.5,34.88,34.79,8.59,10.57,linear,350,60.0,259.2,Low,A1
92877.0,305578.33,210976.97,94601.36,65.34,100.0,31.0,21132.68,19342.98,25.19,29,14,8760,17540,3600.0,1800.0,30min,0.5,34.88,34.79,8.59,10.57,linear,400,60.0,259.2,Low,A1
92877.0,305578.33,210904.05,94674.28,22.14,100.0,31.0,21205.6,19386.18,22.44,23,11,8760,17540,3600.0,1800.0,30min,0.5,34.88,34.79,8.59,10.57,linear,450,60.0,259.2,Low,A1
92877.0,305578.33,210853.98,94724.34,0.0,100.0,31.0,21255.67,19408.32,20.22,0,0,8760,17540,3600.0,1800.0,30min,0.5,34.88,34.79,8.59,10.57,linear,500,60.0,259.2,Low,A1
92877.0,305578.33,210827.94,94750.39,0.0,100.0,31.0,21281.71,19408.32,18.38,0,0,8760,17540,3600.0,1800.0,30min,0.5,34.88,34.79,8.59,10.57,linear,550,60.0,259.2,Low,A1
92877.0,305578.33,210801.9,94776.43,0.0,100.0,31.0,21307.75,19408.32,16.85,0,0,8760,17540,3600.0,1800.0,30min,0.5,34.88,34.79,8.59,10.57,linear,600,60.0,259.2,Low,A1
92877.0,305578.33,210775.86,94802.47,0.0,100.0,31.0,21333.79,19408.32,15.55,0,0,8760,17540,3600.0,1800.0,30min,0.5,34.88,34.79,8.59,10.57,linear,650,60.0,259.2,Low,A1
92877.0,305578.33,210749.82,94828.51,0.0,100.0,31.0,21359.83,19408.32,14.44,0,0,8760,17540,3600.0,1800.0,30min,0.5,34.88,34.79,8.59,10.57,linear,700,60.0,259.2,Low,A1
92877.0,305578.33,210723.77,94854.55,0.0,100.0,31.0,21385.87,19408.32,13.48,0,0,8760,17540,3600.0,1800.0,30min,0.5,34.88,34.79,8.59,10.57,linear,750,60.0,259.2,Low,A1
92877.0,305578.33,210697.73,94880.59,0.0,100.0,31.0,21411.92,19408.32,12.64,0,0,8760,17540,3600.0,1800.0,30min,0.5,34.88,34.79,8.59,10.57,linear,800,60.0,259.2,Low,A1
92877.0,305578.33,210671.69,94906.64,0.0,100.0,31.0,21437.96,19408.32,11.89,0,0,8760,17540,3600.0,1800.0,30min,0.5,34.88,34.79,8.59,10.57,linear,850,60.0,259.2,Low,A1
92877.0,305578.33,210645.65,94932.68,0.0,100.0,31.0,21464.0,19408.32,11.23,0,0,8760,17540,3600.0,1800.0,30min,0.5,34.88,34.79,8.59,10.57,linear,900,60.0,259.2,Low,A1
92877.0,305578.33,210619.61,94958.72,0.0,100.0,31.0,21490.04,19408.32,10.64,0,0,8760,17540,3600.0,1800.0,30min,0.5,34.88,34.79,8.59,10.57,linear,950,60.0,259.2,Low,A1
92877.0,305578.33,210593.57,94984.76,0.0,100.0,31.0,21516.08,19408.32,10.11,0,0,8760,17540,3600.0,1800.0,30min,0.5,34.88,34.79,8.59,10.57,linear,1000,60.0,259.2,Low,A1
92877.0,305578.33,210567.52,95010.8,0.0,100.0,31.0,21542.12,19408.32,9.63,0,0,8760,17540,3600.0,1800.0,30min,0.5,34.88,34.79,8.59,10.57,linear,1050,60.0,259.2,Low,A1
92877.0,305578.33,210541.48,95036.84,0.0,100.0,31.0,21568.17,19408.32,9.19,0,0,8760,17540,3600.0,1800.0,30min,0.5,34.88,34.79,8.59,10.57,linear,1100,60.0,259.2,Low,A1
92877.0,305578.33,210515.44,95062.89,0.0,100.0,31.0,21594.21,19408.32,8.79,0,0,8760,17540,3600.0,1800.0,30min,0.5,34.88,34.79,8.59,10.57,linear,1150,60.0,259.2,Low,A1
92877.0,305578.33,210489.4,95088.93,0.0,100.0,31.0,21620.25,19408.32,8.42,0,0,8760,17540,3600.0,1800.0,30min,0.5,34.88,34.79,8.59,10.57,linear,1200,60.0,259.2,Low,A1
92877.0,305578.33,210463.36,95114.97,0.0,100.0,31.0,21646.29,19408.32,8.09,0,0,8760,17540,3600.0,1800.0,30min,0.5,34.88,34.79,8.59,10.57,linear,1250,60.0,259.2,Low,A1
92877.0,305578.33,210437.32,95141.01,0.0,100.0,31.0,21672.33,19408.32,7.78,0,0,8760,17540,3600.0,1800.0,30min,0.5,34.88,34.79,8.59,10.57,linear,1300,60.0,259.2,Low,A1
92877.0,305578.33,210411.27,95167.05,0.0,100.0,31.0,21698.37,19408.32,7.49,0,0,8760,17540,3600.0,1800.0,30min,0.5,34.88,34.79,8.59,10.57,linear,1350,60.0,259.2,Low,A1
92877.0,305578.33,210385.23,95193.09,0.0,100.0,31.0,21724.42,19408.32,7.22,0,0,8760,17540,3600.0,1800.0,30min,0.5,34.88,34.79,8.59,10.57,linear,1400,60.0,259.2,Low,A1
92877.0,305578.33,210359.19,95219.14,0.0,100.0,31.0,21750.46,19408.32,6.97,0,0,8760,17540,3600.0,1800.0,30min,0.5,34.88,34.79,8.59,10.57,linear,1450,60.0,259.2,Low,A1
92877.0,305578.33,210333.15,95245.18,0.0,100.0,31.0,21776.5,19408.32,6.74,0,0,8760,17540,3600.0,1800.0,30min,0.5,34.88,34.79,8.59,10.57,linear,1500,60.0,259.2,Low,A1
92877.0,305578.33,210307.11,95271.22,0.0,100.0,31.0,21802.54,19408.32,6.52,0,0,8760,17540,3600.0,1800.0,30min,0.5,34.88,34.79,8.59,10.57,linear,1550,60.0,259.2,Low,A1
92877.0,305578.33,210281.07,95297.26,0.0,100.0,31.0,21828.58,19408.32,6.32,0,0,8760,17540,3600.0,1800.0,30min,0.5,34.88,34.79,8.59,10.57,linear,1600,60.0,259.2,Low,A1
92877.0,305578.33,210255.02,95323.3,0.0,100.0,31.0,21854.62,19408.32,6.13,0,0,8760,17540,3600.0,1800.0,30min,0.5,34.88,34.79,8.59,10.57,linear,1650,60.0,259.2,Low,A1
92877.0,305578.33,210228.98,95349.34,0.0,100.0,31.0,21880.67,19408.32,5.95,0,0,8760,17540,3600.0,1800.0,30min,0.5,34.88,34.79,8.59,10.57,linear,1700,60.0,259.2,Low,A1
92877.0,305578.33,210202.94,95375.39,0.0,100.0,31.0,21906.71,19408.32,5.78,0,0,8760,17540,3600.0,1800.0,30min,0.5,34.88,34.79,8.59,10.57,linear,1750,60.0,259.2,Low,A1
92877.0,305578.33,210176.9,95401.43,0.0,100.0,31.0,21932.75,19408.32,5.62,0,0,8760,17540,3600.0,1800.0,30min,0.5,34.88,34.79,8.59,10.57,linear,1800,60.0,259.2,Low,A1
92877.0,305578.33,210150.86,95427.47,0.0,100.0,31.0,21958.79,19408.32,5.46,0,0,8760,17540,3600.0,1800.0,30min,0.5,34.88,34.79,8.59,10.57,linear,1850,60.0,259.2,Low,A1
92877.0,305578.33,210124.82,95453.51,0.0,100.0,31.0,21984.83,19408.32,5.32,0,0,8760,17540,3600.0,1800.0,30min,0.5,34.88,34.79,8.59,10.57,linear,1900,60.0,259.2,Low,A1
92877.0,305578.33,210098.77,95479.55,0.0,100.0,31.0,22010.87,19408.32,5.18,0,0,8760,17540,3600.0,1800.0,30min,0.5,34.88,34.79,8.59,10.57,linear,1950,60.0,259.2,Low,A1
92877.0,305578.33,210072.73,95505.59,0.0,100.0,31.0,22036.92,19408.32,5.05,0,0,8760,17540,3600.0,1800.0,30min,0.5,34.88,34.79,8.59,10.57,linear,2000,60.0,259.2,Low,A1
92877.0,305578.33,210046.69,95531.64,0.0,100.0,31.0,22062.96,19408.32,4.93,0,0,8760,17540,3600.0,1800.0,30min,0.5,34.88,34.79,8.59,10.57,linear,2050,60.0,259.2,Low,A1
92877.0,305578.33,210020.65,95557.68,0.0,100.0,31.0,22089.0,19408.32,4.81,0,0,8760,17540,3600.0,1800.0,30min,0.5,34.88,34.79,8.59,10.57,linear,2100,60.0,259.2,Low,A1
92877.0,305578.33,209994.61,95583.72,0.0,100.0,31.0,22115.04,19408.32,4.7,0,0,8760,17540,3600.0,1800.0,30min,0.5,34.88,34.79,8.59,10.57,linear,2150,60.0,259.2,Low,A1
92877.0,305578.33,209968.57,95609.76,0.0,100.0,31.0,22141.08,19408.32,4.59,0,0,8760,17540,3600.0,1800.0,30min,0.5,34.88,34.79,8.59,10.57,linear,2200,60.0,259.2,Low,A1
92877.0,305578.33,209942.52,95635.8,0.0,100.0,31.0,22167.12,19408.32,4.49,0,0,8760,17540,3600.0,1800.0,30min,0.5,34.88,34.79,8.59,10.57,linear,2250,60.0,259.2,Low,A1
92877.0,305578.33,209916.48,95661.84,0.0,100.0,31.0,22193.17,19408.32,4.4,0,0,8760,17540,3600.0,1800.0,30min,0.5,34.88,34.79,8.59,10.57,linear,2300,60.0,259.2,Low,A1
92877.0,305578.33,209890.44,95687.89,0.0,100.0,31.0,22219.21,19408.32,4.3,0,0,8760,17540,3600.0,1800.0,30min,0.5,34.88,34.79,8.59,10.57,linear,2350,60.0,259.2,Low,A1
92877.0,305578.33,209864.4,95713.93,0.0,100.0,31.0,22245.25,19408.32,4.21,0,0,8760,17540,3600.0,1800.0,30min,0.5,34.88,34.79,8.59,10.57,linear,2400,60.0,259.2,Low,A1
92877.0,305578.33,209838.36,95739.97,0.0,100.0,31.0,22271.29,19408.32,4.13,0,0,8760,17540,3600.0,1800.0,30min,0.5,34.88,34.79,8.59,10.57,linear,2450,60.0,259.2,Low,A1
92877.0,305578.33,209812.32,95766.01,0.0,100.0,31.0,22297.33,19408.32,4.04,0,0,8760,17540,3600.0,1800.0,30min,0.5,34.88,34.79,8.59,10.57,linear,2500,60.0,259.2,Low,A1
121823.0,305578.33,195771.88,109806.45,13208.0,89.0,36.0,15441.97,14250.52,148.24,4875,36,8760,17540,3600.0,1800.0,30min,0.5,34.88,34.79,11.89,13.87,linear,50,60.0,259.2,Med,A1
121823.0,305578.33,188468.65,117109.68,6460.45,95.0,38.0,22745.2,20998.08,109.18,2707,36,8760,17540,3600.0,1800.0,30min,0.5,34.88,34.79,11.89,13.87,linear,100,60.0,259.2,Med,A1
121823.0,305578.33,184813.44,120764.89,3115.8,97.0,40.0,26400.41,24342.72,84.48,1048,30,8760,17540,3600.0,1800.0,30min,0.5,34.88,34.79,11.89,13.87,linear,150,60.0,259.2,Med,A1
121823.0,305578.33,183421.97,122156.35,1857.43,98.0,40.0,27791.87,25601.09,66.67,621,29,8760,17540,3600.0,1800.0,30min,0.5,34.88,34.79,11.89,13.87,linear,200,60.0,259.2,Med,A1
121823.0,305578.33,182591.51,122986.82,1116.07,99.0,40.0,28622.34,26342.45,54.88,350,29,8760,17540,3600.0,1800.0,30min,0.5,34.88,34.79,11.89,13.87,linear,250,60.0,259.2,Med,A1
121823.0,305578.33,182108.19,123470.13,694.65,99.0,40.0,29105.65,26763.87,46.47,168,21,8760,17540,3600.0,1800.0,30min,0.5,34.88,34.79,11.89,13.87,linear,300,60.0,259.2,Med,A1
121823.0,305578.33,181831.42,123746.9,463.58,100.0,40.0,29382.42,26994.94,40.17,108,20,8760,17540,3600.0,1800.0,30min,0.5,34.88,34.79,11.89,13.87,linear,350,60.0,259.2,Med,A1
121823.0,305578.33,181652.33,123926.0,322.52,100.0,41.0,29561.52,27136.0,35.33,59,19,8760,17540,3600.0,1800.0,30min,0.5,34.88,34.79,11.89,13.87,linear,400,60.0,259.2,Med,A1
121823.0,305578.33,181558.25,124020.08,259.82,100.0,41.0,29655.6,27198.7,31.48,35,17,8760,17540,3600.0,1800.0,30min,0.5,34.88,34.79,11.89,13.87,linear,450,60.0,259.2,Med,A1
121823.0,305578.33,181485.33,124093.0,216.62,100.0,41.0,29728.52,27241.9,28.38,33,16,8760,17540,3600.0,1800.0,30min,0.5,34.88,34.79,11.89,13.87,linear,500,60.0,259.2,Med,A1
121823.0,305578.33,181412.41,124165.91,173.42,100.0,41.0,29801.43,27285.1,25.84,32,16,8760,17540,3600.0,1800.0,30min,0.5,34.88,34.79,11.89,13.87,linear,550,60.0,259.2,Med,A1
121823.0,305578.33,181339.5,124238.83,130.22,100.0,41.0,29874.35,27328.3,23.72,30,15,8760,17540,3600.0,1800.0,30min,0.5,34.88,34.79,11.89,13.87,linear,600,60.0,259.2,Med,A1
121823.0,305578.33,181266.58,124311.75,87.02,100.0,41.0,29947.27,27371.5,21.93,29,14,8760,17540,3600.0,1800.0,30min,0.5,34.88,34.79,11.89,13.87,linear,650,60.0,259.2,Med,A1
121823.0,305578.33,181193.66,124384.66,43.82,100.0,41.0,30020.18,27414.7,20.4,27,13,8760,17540,3600.0,1800.0,30min,0.5,34.88,34.79,11.89,13.87,linear,700,60.0,259.2,Med,A1
121823.0,305578.33,181120.75,124457.58,0.62,100.0,41.0,30093.1,27457.9,19.07,1,0,8760,17540,3600.0,1800.0,30min,0.5,34.88,34.79,11.89,13.87,linear,750,60.0,259.2,Med,A1
121823.0,305578.33,181094.03,124484.29,0.0,100.0,41.0,30119.81,27458.52,17.88,0,0,8760,17540,3600.0,1800.0,30min,0.5,34.88,34.79,11.89,13.87,linear,800,60.0,259.2,Med,A1
121823.0,305578.33,181067.99,124510.34,0.0,100.0,41.0,30145.86,27458.52,16.83,0,0,8760,17540,3600.0,1800.0,30min,0.5,34.88,34.79,11.89,13.87,linear,850,60.0,259.2,Med,A1
121823.0,305578.33,181041.95,124536.38,0.0,100.0,41.0,30171.9,27458.52,15.89,0,0,8760,17540,3600.0,1800.0,30min,0.5,34.88,34.79,11.89,13.87,linear,900,60.0,259.2,Med,A1
121823.0,305578.33,181015.91,124562.42,0.0,100.0,41.0,30197.94,27458.52,15.05,0,0,8760,17540,3600.0,1800.0,30min,0.5,34.88,34.79,11.89,13.87,linear,950,60.0,259.2,Med,A1
121823.0,305578.33,180989.87,124588.46,0.0,100.0,41.0,30223.98,27458.52,14.3,0,0,8760,17540,3600.0,1800.0,30min,0.5,34.88,34.79,11.89,13.87,linear,1000,60.0,259.2,Med,A1
121823.0,305578.33,180963.82,124614.5,0.0,100.0,41.0,30250.02,27458.52,13.62,0,0,8760,17540,3600.0,1800.0,30min,0.5,34.88,34.79,11.89,13.87,linear,1050,60.0,259.2,Med,A1
121823.0,305578.33,180937.78,124640.54,0.0,100.0,41.0,30276.06,27458.52,13.0,0,0,8760,17540,3600.0,1800.0,30min,0.5,34.88,34.79,11.89,13.87,linear,1100,60.0,259.2,Med,A1
121823.0,305578.33,180911.74,124666.59,0.0,100.0,41.0,30302.11,27458.52,12.44,0,0,8760,17540,3600.0,1800.0,30min,0.5,34.88,34.79,11.89,13.87,linear,1150,60.0,259.2,Med,A1
121823.0,305578.33,180885.7,124692.63,0.0,100.0,41.0,30328.15,27458.52,11.92,0,0,8760,17540,3600.0,1800.0,30min,0.5,34.88,34.79,11.89,13.87,linear,1200,60.0,259.2,Med,A1
121823.0,305578.33,180859.66,124718.67,0.0,100.0,41.0,30354.19,27458.52,11.44,0,0,8760,17540,3600.0,1800.0,30min,0.5,34.88,34.79,11.89,13.87,linear,1250,60.0,259.2,Med,A1
121823.0,305578.33,180833.62,124744.71,0.0,100.0,41.0,30380.23,27458.52,11.0,0,0,8760,17540,3600.0,1800.0,30min,0.5,34.88,34.79,11.89,13.87,linear,1300,60.0,259.2,Med,A1
121823.0,305578.33,180807.57,124770.75,0.0,100.0,41.0,30406.27,27458.52,10.59,0,0,8760,17540,3600.0,1800.0,30min,0.5,34.88,34.79,11.89,13.87,linear,1350,60.0,259.2,Med,A1
121823.0,305578.33,180781.53,124796.79,0.0,100.0,41.0,30432.31,27458.52,10.22,0,0,8760,17540,3600.0,1800.0,30min,0.5,34.88,34.79,11.89,13.87,linear,1400,60.0,259.2,Med,A1
121823.0,305578.33,180755.49,124822.84,0.0,100.0,41.0,30458.36,27458.52,9.86,0,0,8760,17540,3600.0,1800.0,30min,0.5,34.88,34.79,11.89,13.87,linear,1450,60.0,259.2,Med,A1
121823.0,305578.33,180729.45,124848.88,0.0,100.0,41.0,30484.4,27458.52,9.53,0,0,8760,17540,3600.0,1800.0,30min,0.5,34.88,34.79,11.89,13.87,linear,1500,60.0,259.2,Med,A1
121823.0,305578.33,180703.41,124874.92,0.0,100.0,41.0,30510.44,27458.52,9.23,0,0,8760,17540,3600.0,1800.0,30min,0.5,34.88,34.79,11.89,13.87,linear,1550,60.0,259.2,Med,A1
121823.0,305578.33,180677.37,124900.96,0.0,100.0,41.0,30536.48,27458.52,8.94,0,0,8760,17540,3600.0,1800.0,30min,0.5,34.88,34.79,11.89,13.87,linear,1600,60.0,259.2,Med,A1
121823.0,305578.33,180651.32,124927.0,0.0,100.0,41.0,30562.52,27458.52,8.67,0,0,8760,17540,3600.0,1800.0,30min,0.5,34.88,34.79,11.89,13.87,linear,1650,60.0,259.2,Med,A1
121823.0,305578.33,180625.28,124953.04,0.0,100.0,41.0,30588.56,27458.52,8.41,0,0,8760,17540,3600.0,1800.0,30min,0.5,34.88,34.79,11.89,13.87,linear,1700,60.0,259.2,Med,A1
121823.0,305578.33,180599.24,124979.09,0.0,100.0,41.0,30614.61,27458.52,8.17,0,0,8760,17540,3600.0,1800.0,30min,0.5,34.88,34.79,11.89,13.87,linear,1750,60.0,259.2,Med,A1
121823.0,305578.33,180573.2,125005.13,0.0,100.0,41.0,30640.65,27458.52,7.95,0,0,8760,17540,3600.0,1800.0,30min,0.5,34.88,34.79,11.89,13.87,linear,1800,60.0,259.2,Med,A1
121823.0,305578.33,180547.16,125031.17,0.0,100.0,41.0,30666.69,27458.52,7.73,0,0,8760,17540,3600.0,1800.0,30min,0.5,34.88,34.79,11.89,13.87,linear,1850,60.0,259.2,Med,A1
121823.0,305578.33,180521.12,125057.21,0.0,100.0,41.0,30692.73,27458.52,7.53,0,0,8760,17540,3600.0,1800.0,30min,0.5,34.88,34.79,11.89,13.87,linear,1900,60.0,259.2,Med,A1
121823.0,305578.33,180495.07,125083.25,0.0,100.0,41.0,30718.77,27458.52,7.33,0,0,8760,17540,3600.0,1800.0,30min,0.5,34.88,34.79,11.89,13.87,linear,1950,60.0,259.2,Med,A1
121823.0,305578.33,180469.03,125109.29,0.0,100.0,41.0,30744.81,27458.52,7.15,0,0,8760,17540,3600.0,1800.0,30min,0.5,34.88,34.79,11.89,13.87,linear,2000,60.0,259.2,Med,A1
121823.0,305578.33,180442.99,125135.34,0.0,100.0,41.0,30770.86,27458.52,6.98,0,0,8760,17540,3600.0,1800.0,30min,0.5,34.88,34.79,11.89,13.87,linear,2050,60.0,259.2,Med,A1
121823.0,305578.33,180416.95,125161.38,0.0,100.0,41.0,30796.9,27458.52,6.81,0,0,8760,17540,3600.0,1800.0,30min,0.5,34.88,34.79,11.89,13.87,linear,2100,60.0,259.2,Med,A1
121823.0,305578.33,180390.91,125187.42,0.0,100.0,41.0,30822.94,27458.52,6.65,0,0,8760,17540,3600.0,1800.0,30min,0.5,34.88,34.79,11.89,13.87,linear,2150,60.0,259.2,Med,A1
121823.0,305578.33,180364.87,125213.46,0.0,100.0,41.0,30848.98,27458.52,6.5,0,0,8760,17540,3600.0,1800.0,30min,0.5,34.88,34.79,11.89,13.87,linear,2200,60.0,259.2,Med,A1
121823.0,305578.33,180338.82,125239.5,0.0,100.0,41.0,30875.02,27458.52,6.36,0,0,8760,17540,3600.0,1800.0,30min,0.5,34.88,34.79,11.89,13.87,linear,2250,60.0,259.2,Med,A1
121823.0,305578.33,180312.78,125265.54,0.0,100.0,41.0,30901.06,27458.52,6.22,0,0,8760,17540,3600.0,1800.0,30min,0.5,34.88,34.79,11.89,13.87,linear,2300,60.0,259.2,Med,A1
121823.0,305578.33,180286.74,125291.59,0.0,100.0,41.0,30927.11,27458.52,6.09,0,0,8760,17540,3600.0,1800.0,30min,0.5,34.88,34.79,11.89,13.87,linear,2350,60.0,259.2,Med,A1
121823.0,305578.33,180260.7,125317.63,0.0,100.0,41.0,30953.15,27458.52,5.96,0,0,8760,17540,3600.0,1800.0,30min,0.5,34.88,34.79,11.89,13.87,linear,2400,60.0,259.2,Med,A1
121823.0,305578.33,180234.66,125343.67,0.0,100.0,41.0,30979.19,27458.52,5.84,0,0,8760,17540,3600.0,1800.0,30min,0.5,34.88,34.79,11.89,13.87,linear,2450,60.0,259.2,Med,A1
121823.0,305578.33,180208.62,125369.71,0.0,100.0,41.0,31005.23,27458.52,5.72,0,0,8760,17540,3600.0,1800.0,30min,0.5,34.88,34.79,11.89,13.87,linear,2500,60.0,259.2,Med,A1
